id,source,best_known,gap_blocks
ljcr-c-12-6-4,ljcr-covering-designs,41,1
ljcr-c-13-6-3,ljcr-covering-designs,21,1
ljcr-c-14-6-3,ljcr-covering-designs,25,1
ljcr-c-14-8-4,ljcr-covering-designs,24,1
ljcr-c-15-5-3,ljcr-covering-designs,55,1
ljcr-c-15-6-3,ljcr-covering-designs,31,1
ljcr-c-15-8-4,ljcr-covering-designs,30,1
ljcr-c-15-9-4,ljcr-covering-designs,20,1
ljcr-c-16-7-3,ljcr-covering-designs,24,1
ljcr-c-17-6-3,ljcr-covering-designs,44,1
ljcr-c-17-8-3,ljcr-covering-designs,18,1
ljcr-c-17-9-4,ljcr-covering-designs,28,1
ljcr-c-18-10-3,ljcr-covering-designs,12,1
ljcr-c-18-11-3,ljcr-covering-designs,10,1
ljcr-c-18-11-4,ljcr-covering-designs,19,1
ljcr-c-18-7-3,ljcr-covering-designs,32,1
ljcr-c-19-10-3,ljcr-covering-designs,14,1
ljcr-c-19-9-3,ljcr-covering-designs,17,1
ljcr-c-20-10-3,ljcr-covering-designs,15,1
ljcr-c-20-11-3,ljcr-covering-designs,12,1
ljcr-c-20-12-3,ljcr-covering-designs,10,1
ljcr-c-20-13-4,ljcr-covering-designs,15,1
ljcr-c-20-9-3,ljcr-covering-designs,21,1
ljcr-c-21-11-3,ljcr-covering-designs,14,1
ljcr-c-21-7-3,ljcr-covering-designs,49,1
ljcr-c-22-11-3,ljcr-covering-designs,15,1
ljcr-c-22-15-4,ljcr-covering-designs,12,1
ljcr-c-22-16-5,ljcr-covering-designs,14,1
ljcr-c-22-17-5,ljcr-covering-designs,11,1
ljcr-c-22-9-3,ljcr-covering-designs,28,1
ljcr-c-23-12-3,ljcr-covering-designs,14,1
ljcr-c-23-14-3,ljcr-covering-designs,10,1
ljcr-c-23-16-4,ljcr-covering-designs,11,1
ljcr-c-23-6-2,ljcr-covering-designs,21,1
ljcr-c-23-7-2,ljcr-covering-designs,16,1
ljcr-c-24-12-4,ljcr-covering-designs,31,1
ljcr-c-24-13-3,ljcr-covering-designs,13,1
ljcr-c-24-16-4,ljcr-covering-designs,12,1
ljcr-c-24-18-5,ljcr-covering-designs,12,1
ljcr-c-24-6-2,ljcr-covering-designs,22,1
ljcr-c-25-13-3,ljcr-covering-designs,14,1
ljcr-c-25-14-3,ljcr-covering-designs,12,1
ljcr-c-25-15-3,ljcr-covering-designs,10,1
ljcr-c-25-17-4,ljcr-covering-designs,11,1
ljcr-c-26-12-3,ljcr-covering-designs,18,1
ljcr-c-26-13-3,ljcr-covering-designs,15,1
ljcr-c-26-14-3,ljcr-covering-designs,13,1
ljcr-c-26-19-5,ljcr-covering-designs,14,1
ljcr-c-26-9-3,ljcr-covering-designs,39,1
ljcr-c-27-14-3,ljcr-covering-designs,14,1
ljcr-c-27-16-3,ljcr-covering-designs,10,1
ljcr-c-27-18-4,ljcr-covering-designs,12,1
ljcr-c-27-8-2,ljcr-covering-designs,17,1
ljcr-c-28-14-3,ljcr-covering-designs,15,1
ljcr-c-28-14-4,ljcr-covering-designs,31,1
ljcr-c-28-15-3,ljcr-covering-designs,13,1
ljcr-c-28-17-3,ljcr-covering-designs,10,1
ljcr-c-28-19-4,ljcr-covering-designs,12,1
ljcr-c-28-21-5,ljcr-covering-designs,12,1
ljcr-c-28-7-2,ljcr-covering-designs,22,1
ljcr-c-29-10-3,ljcr-covering-designs,42,1
ljcr-c-29-16-3,ljcr-covering-designs,12,1
ljcr-c-29-20-4,ljcr-covering-designs,11,1
ljcr-c-29-21-5,ljcr-covering-designs,14,1
ljcr-c-29-22-5,ljcr-covering-designs,12,1
ljcr-c-29-5-2,ljcr-covering-designs,43,1
ljcr-c-29-6-2,ljcr-covering-designs,30,1
ljcr-c-29-7-2,ljcr-covering-designs,23,1
ljcr-c-30-15-3,ljcr-covering-designs,15,1
ljcr-c-30-15-4,ljcr-covering-designs,31,1
ljcr-c-30-16-3,ljcr-covering-designs,13,1
ljcr-c-30-18-3,ljcr-covering-designs,10,1
ljcr-c-30-23-5,ljcr-covering-designs,11,1
ljcr-c-30-7-2,ljcr-covering-designs,25,1
ljcr-c-31-10-3,ljcr-covering-designs,48,1
ljcr-c-31-17-3,ljcr-covering-designs,12,1
ljcr-c-31-24-5,ljcr-covering-designs,11,1
ljcr-c-31-9-2,ljcr-covering-designs,17,1
ljcr-c-32-22-4,ljcr-covering-designs,11,1
ljcr-c-32-24-5,ljcr-covering-designs,12,1
ljcr-c-32-9-2,ljcr-covering-designs,18,1
ljcr-c-33-10-2,ljcr-covering-designs,15,1
ljcr-c-33-16-3,ljcr-covering-designs,16,1
ljcr-c-33-20-3,ljcr-covering-designs,10,1
ljcr-c-33-7-2,ljcr-covering-designs,30,1
ljcr-c-34-10-2,ljcr-covering-designs,16,1
ljcr-c-34-17-3,ljcr-covering-designs,15,1
ljcr-c-34-18-3,ljcr-covering-designs,13,1
ljcr-c-34-18-4,ljcr-covering-designs,28,1
ljcr-c-34-23-4,ljcr-covering-designs,12,1
ljcr-c-34-25-4,ljcr-covering-designs,9,1
ljcr-c-34-25-5,ljcr-covering-designs,14,1
ljcr-c-34-7-2,ljcr-covering-designs,31,1
ljcr-c-35-19-3,ljcr-covering-designs,13,1
ljcr-c-35-21-3,ljcr-covering-designs,10,1
ljcr-c-35-24-4,ljcr-covering-designs,11,1
ljcr-c-35-6-2,ljcr-covering-designs,42,1
ljcr-c-35-7-2,ljcr-covering-designs,32,1
ljcr-c-36-10-2,ljcr-covering-designs,18,1
ljcr-c-36-11-2,ljcr-covering-designs,15,1
ljcr-c-36-12-3,ljcr-covering-designs,40,1
ljcr-c-36-18-3,ljcr-covering-designs,15,1
ljcr-c-36-20-3,ljcr-covering-designs,12,1
ljcr-c-36-22-3,ljcr-covering-designs,10,1
ljcr-c-36-23-4,ljcr-covering-designs,16,1
ljcr-c-36-24-4,ljcr-covering-designs,12,1
ljcr-c-36-25-4,ljcr-covering-designs,11,1
ljcr-c-36-5-2,ljcr-covering-designs,66,1
ljcr-c-36-7-2,ljcr-covering-designs,33,1
ljcr-c-36-9-2,ljcr-covering-designs,21,1
ljcr-c-37-10-2,ljcr-covering-designs,19,1
ljcr-c-37-20-3,ljcr-covering-designs,13,1
ljcr-c-37-23-3,ljcr-covering-designs,9,1
ljcr-c-37-5-2,ljcr-covering-designs,68,1
ljcr-c-38-19-3,ljcr-covering-designs,15,1
ljcr-c-38-23-3,ljcr-covering-designs,10,1
ljcr-c-38-7-2,ljcr-covering-designs,39,1
ljcr-c-39-11-2,ljcr-covering-designs,18,1
ljcr-c-39-13-3,ljcr-covering-designs,40,1
ljcr-c-39-21-3,ljcr-covering-designs,13,1
ljcr-c-39-24-3,ljcr-covering-designs,9,1
ljcr-c-39-8-2,ljcr-covering-designs,32,1
ljcr-c-40-10-2,ljcr-covering-designs,21,1
ljcr-c-40-14-3,ljcr-covering-designs,39,1
ljcr-c-40-20-4,ljcr-covering-designs,31,1
ljcr-c-40-22-3,ljcr-covering-designs,12,1
ljcr-c-40-24-3,ljcr-covering-designs,10,1
ljcr-c-40-6-2,ljcr-covering-designs,55,1
ljcr-c-40-8-2,ljcr-covering-designs,33,1
ljcr-c-40-9-2,ljcr-covering-designs,26,1
ljcr-c-41-11-2,ljcr-covering-designs,19,1
ljcr-c-41-14-3,ljcr-covering-designs,40,1
ljcr-c-41-21-4,ljcr-covering-designs,30,1
ljcr-c-41-22-3,ljcr-covering-designs,13,1
ljcr-c-41-25-3,ljcr-covering-designs,9,1
ljcr-c-41-8-2,ljcr-covering-designs,34,1
ljcr-c-42-12-2,ljcr-covering-designs,17,1
ljcr-c-42-21-3,ljcr-covering-designs,15,1
ljcr-c-42-23-3,ljcr-covering-designs,12,1
ljcr-c-42-25-3,ljcr-covering-designs,10,1
ljcr-c-42-8-2,ljcr-covering-designs,35,1
ljcr-c-42-9-2,ljcr-covering-designs,29,1
ljcr-c-43-12-2,ljcr-covering-designs,18,1
ljcr-c-43-13-2,ljcr-covering-designs,15,1
ljcr-c-43-23-3,ljcr-covering-designs,13,1
ljcr-c-43-9-2,ljcr-covering-designs,30,1
ljcr-c-44-10-2,ljcr-covering-designs,26,1
ljcr-c-44-11-2,ljcr-covering-designs,21,1
ljcr-c-44-12-2,ljcr-covering-designs,19,1
ljcr-c-44-22-3,ljcr-covering-designs,15,1
ljcr-c-44-22-4,ljcr-covering-designs,31,1
ljcr-c-44-6-2,ljcr-covering-designs,67,1
ljcr-c-45-10-2,ljcr-covering-designs,27,1
ljcr-c-45-11-2,ljcr-covering-designs,22,1
ljcr-c-45-12-2,ljcr-covering-designs,19,1
ljcr-c-45-23-4,ljcr-covering-designs,30,1
ljcr-c-45-24-3,ljcr-covering-designs,13,1
ljcr-c-45-9-2,ljcr-covering-designs,33,1
ljcr-c-46-13-2,ljcr-covering-designs,17,1
ljcr-c-46-14-2,ljcr-covering-designs,15,1
ljcr-c-46-23-3,ljcr-covering-designs,15,1
ljcr-c-46-23-4,ljcr-covering-designs,31,1
ljcr-c-46-25-3,ljcr-covering-designs,13,1
ljcr-c-46-9-2,ljcr-covering-designs,34,1
ljcr-c-47-11-2,ljcr-covering-designs,23,1
ljcr-c-47-14-2,ljcr-covering-designs,15,1
ljcr-c-47-24-4,ljcr-covering-designs,30,1
ljcr-c-47-25-3,ljcr-covering-designs,13,1
ljcr-c-47-9-2,ljcr-covering-designs,35,1
ljcr-c-48-10-2,ljcr-covering-designs,30,1
ljcr-c-48-13-2,ljcr-covering-designs,19,1
ljcr-c-48-23-3,ljcr-covering-designs,16,1
ljcr-c-48-24-5,ljcr-covering-designs,63,1
ljcr-c-48-5-2,ljcr-covering-designs,117,1
ljcr-c-48-7-2,ljcr-covering-designs,56,1
ljcr-c-49-12-2,ljcr-covering-designs,22,1
ljcr-c-49-14-2,ljcr-covering-designs,17,1
ljcr-c-49-15-2,ljcr-covering-designs,15,1
ljcr-c-49-23-3,ljcr-covering-designs,16,1
ljcr-c-49-25-4,ljcr-covering-designs,30,1
ljcr-c-50-15-2,ljcr-covering-designs,15,1
ljcr-c-50-25-3,ljcr-covering-designs,15,1
ljcr-c-50-9-2,ljcr-covering-designs,40,1
ljcr-c-51-11-2,ljcr-covering-designs,28,1
ljcr-c-51-14-2,ljcr-covering-designs,19,1
ljcr-c-51-24-3,ljcr-covering-designs,16,1
ljcr-c-51-9-2,ljcr-covering-designs,41,1
ljcr-c-52-11-2,ljcr-covering-designs,30,1
ljcr-c-52-12-2,ljcr-covering-designs,24,1
ljcr-c-52-13-2,ljcr-covering-designs,21,1
ljcr-c-52-14-2,ljcr-covering-designs,19,1
ljcr-c-52-18-3,ljcr-covering-designs,39,1
ljcr-c-52-24-3,ljcr-covering-designs,17,1
ljcr-c-52-7-2,ljcr-covering-designs,68,1
ljcr-c-53-11-2,ljcr-covering-designs,30,1
ljcr-c-53-16-2,ljcr-covering-designs,15,1
ljcr-c-53-5-2,ljcr-covering-designs,140,1
ljcr-c-53-7-2,ljcr-covering-designs,70,1
ljcr-c-54-12-2,ljcr-covering-designs,27,1
ljcr-c-54-15-2,ljcr-covering-designs,18,1
ljcr-c-55-11-2,ljcr-covering-designs,31,1
ljcr-c-55-12-2,ljcr-covering-designs,28,1
ljcr-c-55-14-2,ljcr-covering-designs,21,1
ljcr-c-55-15-2,ljcr-covering-designs,19,1
ljcr-c-55-16-2,ljcr-covering-designs,16,1
ljcr-c-55-19-3,ljcr-covering-designs,38,1
ljcr-c-56-12-2,ljcr-covering-designs,28,1
ljcr-c-56-14-2,ljcr-covering-designs,21,1
ljcr-c-56-15-2,ljcr-covering-designs,19,1
ljcr-c-56-17-2,ljcr-covering-designs,15,1
ljcr-c-56-8-2,ljcr-covering-designs,57,1
ljcr-c-57-13-2,ljcr-covering-designs,25,1
ljcr-c-57-5-2,ljcr-covering-designs,161,1
ljcr-c-58-12-2,ljcr-covering-designs,30,1
ljcr-c-58-16-2,ljcr-covering-designs,18,1
ljcr-c-58-20-3,ljcr-covering-designs,39,1
ljcr-c-58-6-2,ljcr-covering-designs,117,1
ljcr-c-58-7-2,ljcr-covering-designs,84,1
ljcr-c-59-12-2,ljcr-covering-designs,31,1
ljcr-c-59-16-2,ljcr-covering-designs,19,1
ljcr-c-59-18-2,ljcr-covering-designs,15,1
ljcr-c-59-20-3,ljcr-covering-designs,40,1
ljcr-c-59-6-2,ljcr-covering-designs,119,1
ljcr-c-59-7-2,ljcr-covering-designs,86,1
ljcr-c-59-9-2,ljcr-covering-designs,55,1
ljcr-c-60-12-2,ljcr-covering-designs,31,1
ljcr-c-60-13-2,ljcr-covering-designs,28,1
ljcr-c-60-15-2,ljcr-covering-designs,21,1
ljcr-c-60-18-2,ljcr-covering-designs,15,1
ljcr-c-13-7-4,ljcr-covering-designs,30,2
ljcr-c-15-10-4,ljcr-covering-designs,14,2
ljcr-c-16-10-4,ljcr-covering-designs,18,2
ljcr-c-16-9-4,ljcr-covering-designs,26,2
ljcr-c-17-11-4,ljcr-covering-designs,15,2
ljcr-c-17-7-3,ljcr-covering-designs,27,2
ljcr-c-18-10-4,ljcr-covering-designs,26,2
ljcr-c-18-9-3,ljcr-covering-designs,16,2
ljcr-c-19-11-3,ljcr-covering-designs,11,2
ljcr-c-19-12-4,ljcr-covering-designs,17,2
ljcr-c-19-7-3,ljcr-covering-designs,35,2
ljcr-c-20-14-5,ljcr-covering-designs,18,2
ljcr-c-20-7-3,ljcr-covering-designs,45,2
ljcr-c-21-10-3,ljcr-covering-designs,18,2
ljcr-c-21-14-4,ljcr-covering-designs,14,2
ljcr-c-21-15-5,ljcr-covering-designs,16,2
ljcr-c-22-10-3,ljcr-covering-designs,19,2
ljcr-c-22-13-3,ljcr-covering-designs,11,2
ljcr-c-22-14-4,ljcr-covering-designs,17,2
ljcr-c-22-8-3,ljcr-covering-designs,38,2
ljcr-c-23-15-4,ljcr-covering-designs,15,2
ljcr-c-23-7-3,ljcr-covering-designs,65,2
ljcr-c-23-8-3,ljcr-covering-designs,40,2
ljcr-c-24-11-3,ljcr-covering-designs,20,2
ljcr-c-24-14-3,ljcr-covering-designs,11,2
ljcr-c-25-10-3,ljcr-covering-designs,30,2
ljcr-c-25-12-3,ljcr-covering-designs,17,2
ljcr-c-25-13-4,ljcr-covering-designs,30,2
ljcr-c-25-18-5,ljcr-covering-designs,16,2
ljcr-c-26-11-3,ljcr-covering-designs,26,2
ljcr-c-26-15-3,ljcr-covering-designs,11,2
ljcr-c-26-17-4,ljcr-covering-designs,15,2
ljcr-c-27-10-3,ljcr-covering-designs,35,2
ljcr-c-27-11-3,ljcr-covering-designs,27,2
ljcr-c-27-19-5,ljcr-covering-designs,17,2
ljcr-c-28-10-3,ljcr-covering-designs,36,2
ljcr-c-28-16-3,ljcr-covering-designs,11,2
ljcr-c-28-18-4,ljcr-covering-designs,16,2
ljcr-c-29-12-3,ljcr-covering-designs,27,2
ljcr-c-29-15-4,ljcr-covering-designs,30,2
ljcr-c-29-17-3,ljcr-covering-designs,11,2
ljcr-c-29-19-4,ljcr-covering-designs,15,2
ljcr-c-30-16-4,ljcr-covering-designs,29,2
ljcr-c-30-19-4,ljcr-covering-designs,17,2
ljcr-c-30-20-4,ljcr-covering-designs,13,2
ljcr-c-31-11-3,ljcr-covering-designs,39,2
ljcr-c-31-16-4,ljcr-covering-designs,30,2
ljcr-c-31-18-3,ljcr-covering-designs,11,2
ljcr-c-31-21-4,ljcr-covering-designs,12,2
ljcr-c-31-23-5,ljcr-covering-designs,13,2
ljcr-c-32-11-3,ljcr-covering-designs,40,2
ljcr-c-32-17-3,ljcr-covering-designs,14,2
ljcr-c-32-17-4,ljcr-covering-designs,29,2
ljcr-c-32-19-3,ljcr-covering-designs,11,2
ljcr-c-32-21-4,ljcr-covering-designs,15,2
ljcr-c-32-23-5,ljcr-covering-designs,16,2
ljcr-c-32-8-3,ljcr-covering-designs,106,2
ljcr-c-33-17-4,ljcr-covering-designs,30,2
ljcr-c-33-19-3,ljcr-covering-designs,11,2
ljcr-c-33-22-4,ljcr-covering-designs,13,2
ljcr-c-33-24-5,ljcr-covering-designs,15,2
ljcr-c-33-25-5,ljcr-covering-designs,12,2
ljcr-c-33-8-2,ljcr-covering-designs,24,2
ljcr-c-34-12-3,ljcr-covering-designs,39,2
ljcr-c-34-14-3,ljcr-covering-designs,27,2
ljcr-c-34-16-3,ljcr-covering-designs,17,2
ljcr-c-34-20-3,ljcr-covering-designs,11,2
ljcr-c-34-22-4,ljcr-covering-designs,15,2
ljcr-c-34-24-5,ljcr-covering-designs,17,2
ljcr-c-34-8-2,ljcr-covering-designs,25,2
ljcr-c-35-12-3,ljcr-covering-designs,40,2
ljcr-c-35-20-3,ljcr-covering-designs,11,2
ljcr-c-35-25-5,ljcr-covering-designs,16,2
ljcr-c-35-8-2,ljcr-covering-designs,26,2
ljcr-c-36-14-3,ljcr-covering-designs,31,2
ljcr-c-36-15-3,ljcr-covering-designs,26,2
ljcr-c-36-17-3,ljcr-covering-designs,17,2
ljcr-c-36-19-3,ljcr-covering-designs,14,2
ljcr-c-36-21-3,ljcr-covering-designs,11,2
ljcr-c-36-8-2,ljcr-covering-designs,27,2
ljcr-c-37-11-2,ljcr-covering-designs,16,2
ljcr-c-37-17-3,ljcr-covering-designs,18,2
ljcr-c-37-21-3,ljcr-covering-designs,11,2
ljcr-c-37-22-3,ljcr-covering-designs,11,2
ljcr-c-37-7-2,ljcr-covering-designs,35,2
ljcr-c-38-11-2,ljcr-covering-designs,17,2
ljcr-c-38-13-3,ljcr-covering-designs,40,2
ljcr-c-38-14-3,ljcr-covering-designs,35,2
ljcr-c-38-20-3,ljcr-covering-designs,14,2
ljcr-c-38-20-4,ljcr-covering-designs,29,2
ljcr-c-38-22-3,ljcr-covering-designs,11,2
ljcr-c-38-25-4,ljcr-covering-designs,15,2
ljcr-c-38-9-2,ljcr-covering-designs,25,2
ljcr-c-39-20-4,ljcr-covering-designs,31,2
ljcr-c-39-23-3,ljcr-covering-designs,11,2
ljcr-c-39-6-2,ljcr-covering-designs,54,2
ljcr-c-39-9-2,ljcr-covering-designs,26,2
ljcr-c-40-12-2,ljcr-covering-designs,16,2
ljcr-c-40-19-3,ljcr-covering-designs,17,2
ljcr-c-40-21-3,ljcr-covering-designs,14,2
ljcr-c-40-23-3,ljcr-covering-designs,11,2
ljcr-c-40-5-2,ljcr-covering-designs,82,2
ljcr-c-41-12-2,ljcr-covering-designs,17,2
ljcr-c-41-16-3,ljcr-covering-designs,31,2
ljcr-c-41-19-3,ljcr-covering-designs,18,2
ljcr-c-41-24-3,ljcr-covering-designs,11,2
ljcr-c-41-7-2,ljcr-covering-designs,43,2
ljcr-c-41-9-2,ljcr-covering-designs,28,2
ljcr-c-42-14-3,ljcr-covering-designs,44,2
ljcr-c-42-22-3,ljcr-covering-designs,14,2
ljcr-c-42-22-4,ljcr-covering-designs,29,2
ljcr-c-42-24-3,ljcr-covering-designs,11,2
ljcr-c-43-10-2,ljcr-covering-designs,26,2
ljcr-c-43-15-3,ljcr-covering-designs,40,2
ljcr-c-43-16-3,ljcr-covering-designs,35,2
ljcr-c-43-20-3,ljcr-covering-designs,18,2
ljcr-c-43-22-4,ljcr-covering-designs,31,2
ljcr-c-43-25-3,ljcr-covering-designs,11,2
ljcr-c-43-8-2,ljcr-covering-designs,37,2
ljcr-c-44-13-2,ljcr-covering-designs,16,2
ljcr-c-44-15-3,ljcr-covering-designs,41,2
ljcr-c-44-18-3,ljcr-covering-designs,27,2
ljcr-c-44-20-3,ljcr-covering-designs,19,2
ljcr-c-44-23-3,ljcr-covering-designs,14,2
ljcr-c-44-25-3,ljcr-covering-designs,11,2
ljcr-c-44-5-2,ljcr-covering-designs,99,2
ljcr-c-45-13-2,ljcr-covering-designs,17,2
ljcr-c-45-15-3,ljcr-covering-designs,42,2
ljcr-c-45-19-3,ljcr-covering-designs,24,2
ljcr-c-45-6-2,ljcr-covering-designs,70,2
ljcr-c-45-8-2,ljcr-covering-designs,42,2
ljcr-c-46-10-2,ljcr-covering-designs,28,2
ljcr-c-46-11-2,ljcr-covering-designs,23,2
ljcr-c-46-16-3,ljcr-covering-designs,38,2
ljcr-c-46-19-3,ljcr-covering-designs,27,2
ljcr-c-46-24-3,ljcr-covering-designs,14,2
ljcr-c-46-8-2,ljcr-covering-designs,43,2
ljcr-c-47-16-3,ljcr-covering-designs,41,2
ljcr-c-47-20-3,ljcr-covering-designs,24,2
ljcr-c-47-7-2,ljcr-covering-designs,56,2
ljcr-c-47-8-2,ljcr-covering-designs,44,2
ljcr-c-48-11-2,ljcr-covering-designs,26,2
ljcr-c-48-14-2,ljcr-covering-designs,17,2
ljcr-c-48-20-3,ljcr-covering-designs,24,2
ljcr-c-48-22-3,ljcr-covering-designs,18,2
ljcr-c-48-25-3,ljcr-covering-designs,14,2
ljcr-c-48-8-2,ljcr-covering-designs,46,2
ljcr-c-48-9-2,ljcr-covering-designs,37,2
ljcr-c-49-11-2,ljcr-covering-designs,27,2
ljcr-c-49-9-2,ljcr-covering-designs,38,2
ljcr-c-50-11-2,ljcr-covering-designs,28,2
ljcr-c-50-12-2,ljcr-covering-designs,23,2
ljcr-c-50-14-2,ljcr-covering-designs,18,2
ljcr-c-51-10-2,ljcr-covering-designs,35,2
ljcr-c-51-12-2,ljcr-covering-designs,24,2
ljcr-c-51-15-2,ljcr-covering-designs,16,2
ljcr-c-52-10-2,ljcr-covering-designs,36,2
ljcr-c-52-15-2,ljcr-covering-designs,17,2
ljcr-c-52-20-3,ljcr-covering-designs,31,2
ljcr-c-52-8-2,ljcr-covering-designs,54,2
ljcr-c-52-9-2,ljcr-covering-designs,44,2
ljcr-c-53-10-2,ljcr-covering-designs,37,2
ljcr-c-53-12-2,ljcr-covering-designs,27,2
ljcr-c-53-15-2,ljcr-covering-designs,18,2
ljcr-c-53-8-2,ljcr-covering-designs,55,2
ljcr-c-53-9-2,ljcr-covering-designs,45,2
ljcr-c-54-10-2,ljcr-covering-designs,38,2
ljcr-c-54-13-2,ljcr-covering-designs,23,2
ljcr-c-54-16-2,ljcr-covering-designs,16,2
ljcr-c-54-19-3,ljcr-covering-designs,38,2
ljcr-c-54-21-3,ljcr-covering-designs,31,2
ljcr-c-54-22-3,ljcr-covering-designs,27,2
ljcr-c-54-9-2,ljcr-covering-designs,46,2
ljcr-c-55-13-2,ljcr-covering-designs,24,2
ljcr-c-55-8-2,ljcr-covering-designs,57,2
ljcr-c-56-16-2,ljcr-covering-designs,17,2
ljcr-c-56-20-3,ljcr-covering-designs,36,2
ljcr-c-57-10-2,ljcr-covering-designs,42,2
ljcr-c-57-11-2,ljcr-covering-designs,36,2
ljcr-c-57-16-2,ljcr-covering-designs,18,2
ljcr-c-57-17-2,ljcr-covering-designs,16,2
ljcr-c-58-10-2,ljcr-covering-designs,43,2
ljcr-c-58-13-2,ljcr-covering-designs,27,2
ljcr-c-58-17-2,ljcr-covering-designs,16,2
ljcr-c-59-11-2,ljcr-covering-designs,37,2
ljcr-c-59-13-2,ljcr-covering-designs,28,2
ljcr-c-59-14-2,ljcr-covering-designs,24,2
ljcr-c-59-17-2,ljcr-covering-designs,17,2
ljcr-c-59-25-3,ljcr-covering-designs,24,2
ljcr-c-60-11-2,ljcr-covering-designs,38,2
ljcr-c-60-17-2,ljcr-covering-designs,18,2
ljcr-c-60-21-3,ljcr-covering-designs,38,2
ljcr-c-13-6-4,ljcr-covering-designs,66,3
ljcr-c-13-7-5,ljcr-covering-designs,78,3
ljcr-c-13-8-5,ljcr-covering-designs,42,3
ljcr-c-15-10-5,ljcr-covering-designs,27,3
ljcr-c-15-9-5,ljcr-covering-designs,42,3
ljcr-c-16-10-5,ljcr-covering-designs,34,3
ljcr-c-16-6-3,ljcr-covering-designs,38,3
ljcr-c-19-13-5,ljcr-covering-designs,21,3
ljcr-c-19-6-3,ljcr-covering-designs,60,3
ljcr-c-19-8-3,ljcr-covering-designs,27,3
ljcr-c-19-9-4,ljcr-covering-designs,48,3
ljcr-c-21-13-4,ljcr-covering-designs,18,3
ljcr-c-21-6-3,ljcr-covering-designs,77,3
ljcr-c-21-8-3,ljcr-covering-designs,35,3
ljcr-c-21-9-3,ljcr-covering-designs,24,3
ljcr-c-22-13-4,ljcr-covering-designs,22,3
ljcr-c-23-10-3,ljcr-covering-designs,24,3
ljcr-c-23-9-3,ljcr-covering-designs,32,3
ljcr-c-24-15-4,ljcr-covering-designs,18,3
ljcr-c-24-17-5,ljcr-covering-designs,18,3
ljcr-c-24-9-3,ljcr-covering-designs,35,3
ljcr-c-25-17-5,ljcr-covering-designs,20,3
ljcr-c-25-8-3,ljcr-covering-designs,57,3
ljcr-c-26-14-4,ljcr-covering-designs,28,3
ljcr-c-26-16-4,ljcr-covering-designs,18,3
ljcr-c-27-17-4,ljcr-covering-designs,18,3
ljcr-c-28-11-3,ljcr-covering-designs,31,3
ljcr-c-28-12-3,ljcr-covering-designs,24,3
ljcr-c-28-13-3,ljcr-covering-designs,19,3
ljcr-c-28-8-3,ljcr-covering-designs,73,3
ljcr-c-29-18-4,ljcr-covering-designs,18,3
ljcr-c-30-13-3,ljcr-covering-designs,24,3
ljcr-c-31-12-3,ljcr-covering-designs,32,3
ljcr-c-31-14-3,ljcr-covering-designs,21,3
ljcr-c-31-16-5,ljcr-covering-designs,62,3
ljcr-c-31-20-4,ljcr-covering-designs,16,3
ljcr-c-31-22-5,ljcr-covering-designs,18,3
ljcr-c-32-14-3,ljcr-covering-designs,22,3
ljcr-c-32-15-3,ljcr-covering-designs,18,3
ljcr-c-32-20-4,ljcr-covering-designs,18,3
ljcr-c-33-12-3,ljcr-covering-designs,36,3
ljcr-c-33-15-3,ljcr-covering-designs,20,3
ljcr-c-33-17-5,ljcr-covering-designs,62,3
ljcr-c-35-13-3,ljcr-covering-designs,36,3
ljcr-c-35-15-3,ljcr-covering-designs,24,3
ljcr-c-35-16-3,ljcr-covering-designs,20,3
ljcr-c-35-18-4,ljcr-covering-designs,31,3
ljcr-c-35-22-4,ljcr-covering-designs,18,3
ljcr-c-35-23-4,ljcr-covering-designs,14,3
ljcr-c-36-13-3,ljcr-covering-designs,37,3
ljcr-c-36-16-3,ljcr-covering-designs,21,3
ljcr-c-36-18-4,ljcr-covering-designs,33,3
ljcr-c-36-19-4,ljcr-covering-designs,30,3
ljcr-c-37-13-3,ljcr-covering-designs,38,3
ljcr-c-37-15-3,ljcr-covering-designs,28,3
ljcr-c-37-16-3,ljcr-covering-designs,24,3
ljcr-c-37-19-4,ljcr-covering-designs,31,3
ljcr-c-37-23-4,ljcr-covering-designs,18,3
ljcr-c-37-24-4,ljcr-covering-designs,16,3
ljcr-c-38-15-3,ljcr-covering-designs,31,3
ljcr-c-38-19-4,ljcr-covering-designs,33,3
ljcr-c-39-16-3,ljcr-covering-designs,28,3
ljcr-c-39-18-3,ljcr-covering-designs,19,3
ljcr-c-39-19-4,ljcr-covering-designs,35,3
ljcr-c-39-24-4,ljcr-covering-designs,18,3
ljcr-c-39-25-4,ljcr-covering-designs,16,3
ljcr-c-40-15-3,ljcr-covering-designs,35,3
ljcr-c-40-16-3,ljcr-covering-designs,28,3
ljcr-c-40-17-3,ljcr-covering-designs,25,3
ljcr-c-40-18-3,ljcr-covering-designs,20,3
ljcr-c-40-21-4,ljcr-covering-designs,30,3
ljcr-c-41-15-3,ljcr-covering-designs,36,3
ljcr-c-41-6-2,ljcr-covering-designs,59,3
ljcr-c-42-15-3,ljcr-covering-designs,38,3
ljcr-c-42-18-3,ljcr-covering-designs,24,3
ljcr-c-44-12-3,ljcr-covering-designs,77,3
ljcr-c-44-17-3,ljcr-covering-designs,32,3
ljcr-c-44-19-3,ljcr-covering-designs,24,3
ljcr-c-44-23-4,ljcr-covering-designs,30,3
ljcr-c-45-16-3,ljcr-covering-designs,38,3
ljcr-c-46-17-3,ljcr-covering-designs,36,3
ljcr-c-46-24-4,ljcr-covering-designs,30,3
ljcr-c-47-17-3,ljcr-covering-designs,37,3
ljcr-c-47-22-3,ljcr-covering-designs,18,3
ljcr-c-48-16-3,ljcr-covering-designs,43,3
ljcr-c-48-17-3,ljcr-covering-designs,38,3
ljcr-c-48-25-4,ljcr-covering-designs,30,3
ljcr-c-49-16-3,ljcr-covering-designs,44,3
ljcr-c-49-17-3,ljcr-covering-designs,39,3
ljcr-c-49-18-3,ljcr-covering-designs,36,3
ljcr-c-49-20-3,ljcr-covering-designs,28,3
ljcr-c-49-22-3,ljcr-covering-designs,21,3
ljcr-c-50-18-3,ljcr-covering-designs,37,3
ljcr-c-50-23-3,ljcr-covering-designs,19,3
ljcr-c-50-25-4,ljcr-covering-designs,33,3
ljcr-c-50-6-2,ljcr-covering-designs,87,3
ljcr-c-51-17-3,ljcr-covering-designs,43,3
ljcr-c-51-18-3,ljcr-covering-designs,38,3
ljcr-c-51-23-3,ljcr-covering-designs,20,3
ljcr-c-52-19-3,ljcr-covering-designs,36,3
ljcr-c-52-22-3,ljcr-covering-designs,25,3
ljcr-c-53-19-3,ljcr-covering-designs,37,3
ljcr-c-54-23-3,ljcr-covering-designs,25,3
ljcr-c-54-24-3,ljcr-covering-designs,21,3
ljcr-c-54-25-3,ljcr-covering-designs,19,3
ljcr-c-54-7-2,ljcr-covering-designs,73,3
ljcr-c-54-8-2,ljcr-covering-designs,57,3
ljcr-c-55-10-2,ljcr-covering-designs,39,3
ljcr-c-55-20-3,ljcr-covering-designs,36,3
ljcr-c-55-23-3,ljcr-covering-designs,25,3
ljcr-c-56-13-2,ljcr-covering-designs,25,3
ljcr-c-56-19-3,ljcr-covering-designs,42,3
ljcr-c-56-23-3,ljcr-covering-designs,28,3
ljcr-c-56-25-3,ljcr-covering-designs,21,3
ljcr-c-56-9-2,ljcr-covering-designs,49,3
ljcr-c-57-20-3,ljcr-covering-designs,39,3
ljcr-c-57-22-3,ljcr-covering-designs,32,3
ljcr-c-57-23-3,ljcr-covering-designs,28,3
ljcr-c-57-24-3,ljcr-covering-designs,25,3
ljcr-c-58-11-2,ljcr-covering-designs,37,3
ljcr-c-58-19-3,ljcr-covering-designs,44,3
ljcr-c-58-21-3,ljcr-covering-designs,37,3
ljcr-c-59-10-2,ljcr-covering-designs,46,3
ljcr-c-59-24-3,ljcr-covering-designs,28,3
ljcr-c-60-10-2,ljcr-covering-designs,47,3
ljcr-c-60-14-2,ljcr-covering-designs,25,3
ljcr-c-60-22-3,ljcr-covering-designs,36,3
ljcr-c-60-23-3,ljcr-covering-designs,32,3
ljcr-c-60-24-3,ljcr-covering-designs,28,3
ljcr-c-60-9-2,ljcr-covering-designs,57,3
ljcr-c-11-6-5,ljcr-covering-designs,100,4
ljcr-c-12-7-5,ljcr-covering-designs,59,4
ljcr-c-14-7-4,ljcr-covering-designs,44,4
ljcr-c-14-9-5,ljcr-covering-designs,32,4
ljcr-c-16-11-5,ljcr-covering-designs,22,4
ljcr-c-16-5-3,ljcr-covering-designs,65,4
ljcr-c-17-10-4,ljcr-covering-designs,23,4
ljcr-c-17-8-4,ljcr-covering-designs,53,4
ljcr-c-18-12-5,ljcr-covering-designs,24,4
ljcr-c-18-9-4,ljcr-covering-designs,38,4
ljcr-c-19-11-4,ljcr-covering-designs,23,4
ljcr-c-20-10-4,ljcr-covering-designs,36,4
ljcr-c-20-11-4,ljcr-covering-designs,28,4
ljcr-c-21-11-4,ljcr-covering-designs,31,4
ljcr-c-21-5-3,ljcr-covering-designs,151,4
ljcr-c-21-9-4,ljcr-covering-designs,70,4
ljcr-c-22-12-4,ljcr-covering-designs,28,4
ljcr-c-22-15-5,ljcr-covering-designs,22,4
ljcr-c-23-12-4,ljcr-covering-designs,31,4
ljcr-c-23-16-5,ljcr-covering-designs,20,4
ljcr-c-24-13-4,ljcr-covering-designs,28,4
ljcr-c-24-14-4,ljcr-covering-designs,23,4
ljcr-c-24-16-5,ljcr-covering-designs,24,4
ljcr-c-24-6-3,ljcr-covering-designs,116,4
ljcr-c-25-11-3,ljcr-covering-designs,23,4
ljcr-c-25-14-4,ljcr-covering-designs,26,4
ljcr-c-25-16-4,ljcr-covering-designs,17,4
ljcr-c-25-9-3,ljcr-covering-designs,38,4
ljcr-c-26-10-3,ljcr-covering-designs,33,4
ljcr-c-26-15-4,ljcr-covering-designs,24,4
ljcr-c-26-18-5,ljcr-covering-designs,19,4
ljcr-c-27-12-3,ljcr-covering-designs,22,4
ljcr-c-27-14-4,ljcr-covering-designs,31,4
ljcr-c-27-15-4,ljcr-covering-designs,26,4
ljcr-c-27-8-3,ljcr-covering-designs,69,4
ljcr-c-28-15-4,ljcr-covering-designs,29,4
ljcr-c-28-16-4,ljcr-covering-designs,24,4
ljcr-c-29-11-3,ljcr-covering-designs,33,4
ljcr-c-29-13-3,ljcr-covering-designs,21,4
ljcr-c-29-9-3,ljcr-covering-designs,59,4
ljcr-c-30-10-3,ljcr-covering-designs,46,4
ljcr-c-30-11-3,ljcr-covering-designs,37,4
ljcr-c-31-13-3,ljcr-covering-designs,26,4
ljcr-c-31-18-4,ljcr-covering-designs,23,4
ljcr-c-31-19-4,ljcr-covering-designs,19,4
ljcr-c-32-13-3,ljcr-covering-designs,29,4
ljcr-c-33-11-3,ljcr-covering-designs,46,4
ljcr-c-33-14-3,ljcr-covering-designs,26,4
ljcr-c-33-19-4,ljcr-covering-designs,24,4
ljcr-c-33-21-4,ljcr-covering-designs,17,4
ljcr-c-33-23-5,ljcr-covering-designs,19,4
ljcr-c-34-13-3,ljcr-covering-designs,33,4
ljcr-c-34-15-3,ljcr-covering-designs,23,4
ljcr-c-34-17-4,ljcr-covering-designs,34,4
ljcr-c-34-21-4,ljcr-covering-designs,19,4
ljcr-c-36-20-4,ljcr-covering-designs,26,4
ljcr-c-36-22-4,ljcr-covering-designs,19,4
ljcr-c-37-14-3,ljcr-covering-designs,34,4
ljcr-c-37-21-4,ljcr-covering-designs,25,4
ljcr-c-38-16-3,ljcr-covering-designs,26,4
ljcr-c-38-17-3,ljcr-covering-designs,22,4
ljcr-c-38-24-4,ljcr-covering-designs,17,4
ljcr-c-39-14-3,ljcr-covering-designs,38,4
ljcr-c-39-15-3,ljcr-covering-designs,33,4
ljcr-c-39-17-3,ljcr-covering-designs,23,4
ljcr-c-41-18-3,ljcr-covering-designs,23,4
ljcr-c-42-17-3,ljcr-covering-designs,29,4
ljcr-c-42-19-3,ljcr-covering-designs,21,4
ljcr-c-42-21-4,ljcr-covering-designs,34,4
ljcr-c-42-24-4,ljcr-covering-designs,24,4
ljcr-c-42-7-2,ljcr-covering-designs,46,4
ljcr-c-43-14-3,ljcr-covering-designs,47,4
ljcr-c-43-17-3,ljcr-covering-designs,30,4
ljcr-c-43-19-3,ljcr-covering-designs,22,4
ljcr-c-43-21-4,ljcr-covering-designs,36,4
ljcr-c-43-7-2,ljcr-covering-designs,49,4
ljcr-c-44-16-3,ljcr-covering-designs,37,4
ljcr-c-45-17-3,ljcr-covering-designs,34,4
ljcr-c-45-20-3,ljcr-covering-designs,22,4
ljcr-c-46-20-3,ljcr-covering-designs,23,4
ljcr-c-46-21-3,ljcr-covering-designs,20,4
ljcr-c-46-6-2,ljcr-covering-designs,73,4
ljcr-c-47-19-3,ljcr-covering-designs,29,4
ljcr-c-47-21-3,ljcr-covering-designs,22,4
ljcr-c-47-24-5,ljcr-covering-designs,63,4
ljcr-c-48-12-3,ljcr-covering-designs,92,4
ljcr-c-48-19-3,ljcr-covering-designs,30,4
ljcr-c-48-21-3,ljcr-covering-designs,23,4
ljcr-c-49-25-5,ljcr-covering-designs,63,4
ljcr-c-49-5-2,ljcr-covering-designs,122,4
ljcr-c-50-19-3,ljcr-covering-designs,33,4
ljcr-c-50-20-3,ljcr-covering-designs,29,4
ljcr-c-50-21-3,ljcr-covering-designs,26,4
ljcr-c-50-22-3,ljcr-covering-designs,22,4
ljcr-c-50-8-2,ljcr-covering-designs,49,4
ljcr-c-51-25-4,ljcr-covering-designs,35,4
ljcr-c-52-17-3,ljcr-covering-designs,45,4
ljcr-c-52-21-3,ljcr-covering-designs,29,4
ljcr-c-52-23-3,ljcr-covering-designs,23,4
ljcr-c-53-17-3,ljcr-covering-designs,46,4
ljcr-c-53-21-3,ljcr-covering-designs,30,4
ljcr-c-53-23-3,ljcr-covering-designs,23,4
ljcr-c-53-24-3,ljcr-covering-designs,21,4
ljcr-c-54-14-3,ljcr-covering-designs,85,4
ljcr-c-55-21-3,ljcr-covering-designs,33,4
ljcr-c-55-24-3,ljcr-covering-designs,23,4
ljcr-c-55-25-3,ljcr-covering-designs,20,4
ljcr-c-55-6-2,ljcr-covering-designs,105,4
ljcr-c-55-7-2,ljcr-covering-designs,76,4
ljcr-c-55-9-2,ljcr-covering-designs,49,4
ljcr-c-57-19-3,ljcr-covering-designs,43,4
ljcr-c-57-25-3,ljcr-covering-designs,22,4
ljcr-c-57-9-2,ljcr-covering-designs,51,4
ljcr-c-58-15-3,ljcr-covering-designs,86,4
ljcr-c-58-22-3,ljcr-covering-designs,33,4
ljcr-c-59-21-3,ljcr-covering-designs,38,4
ljcr-c-60-25-3,ljcr-covering-designs,26,4
ljcr-c-14-6-4,ljcr-covering-designs,80,5
ljcr-c-15-7-4,ljcr-covering-designs,57,5
ljcr-c-17-11-5,ljcr-covering-designs,30,5
ljcr-c-18-10-5,ljcr-covering-designs,54,5
ljcr-c-19-10-4,ljcr-covering-designs,32,5
ljcr-c-19-5-3,ljcr-covering-designs,108,5
ljcr-c-20-12-4,ljcr-covering-designs,20,5
ljcr-c-21-12-4,ljcr-covering-designs,25,5
ljcr-c-22-7-3,ljcr-covering-designs,59,5
ljcr-c-23-13-4,ljcr-covering-designs,25,5
ljcr-c-23-14-4,ljcr-covering-designs,20,5
ljcr-c-24-8-3,ljcr-covering-designs,50,5
ljcr-c-25-6-3,ljcr-covering-designs,130,5
ljcr-c-26-8-3,ljcr-covering-designs,64,5
ljcr-c-27-18-5,ljcr-covering-designs,25,5
ljcr-c-29-16-4,ljcr-covering-designs,27,5
ljcr-c-29-20-5,ljcr-covering-designs,21,5
ljcr-c-30-12-3,ljcr-covering-designs,30,5
ljcr-c-30-17-4,ljcr-covering-designs,26,5
ljcr-c-30-18-4,ljcr-covering-designs,20,5
ljcr-c-30-21-5,ljcr-covering-designs,20,5
ljcr-c-32-18-4,ljcr-covering-designs,26,5
ljcr-c-32-22-5,ljcr-covering-designs,20,5
ljcr-c-32-9-3,ljcr-covering-designs,77,5
ljcr-c-33-13-3,ljcr-covering-designs,31,5
ljcr-c-33-20-4,ljcr-covering-designs,20,5
ljcr-c-35-14-3,ljcr-covering-designs,30,5
ljcr-c-35-19-4,ljcr-covering-designs,28,5
ljcr-c-35-20-4,ljcr-covering-designs,25,5
ljcr-c-35-24-5,ljcr-covering-designs,22,5
ljcr-c-36-25-5,ljcr-covering-designs,20,5
ljcr-c-36-6-2,ljcr-covering-designs,47,5
ljcr-c-37-25-5,ljcr-covering-designs,22,5
ljcr-c-38-21-4,ljcr-covering-designs,27,5
ljcr-c-38-23-4,ljcr-covering-designs,20,5
ljcr-c-39-21-4,ljcr-covering-designs,28,5
ljcr-c-39-22-4,ljcr-covering-designs,26,5
ljcr-c-40-22-4,ljcr-covering-designs,27,5
ljcr-c-40-23-4,ljcr-covering-designs,25,5
ljcr-c-40-24-4,ljcr-covering-designs,20,5
ljcr-c-40-25-4,ljcr-covering-designs,18,5
ljcr-c-41-17-3,ljcr-covering-designs,27,5
ljcr-c-41-23-4,ljcr-covering-designs,26,5
ljcr-c-41-25-4,ljcr-covering-designs,20,5
ljcr-c-42-16-3,ljcr-covering-designs,34,5
ljcr-c-42-25-4,ljcr-covering-designs,21,5
ljcr-c-43-12-3,ljcr-covering-designs,77,5
ljcr-c-43-18-3,ljcr-covering-designs,27,5
ljcr-c-44-14-3,ljcr-covering-designs,49,5
ljcr-c-44-25-4,ljcr-covering-designs,25,5
ljcr-c-45-18-3,ljcr-covering-designs,30,5
ljcr-c-45-22-4,ljcr-covering-designs,37,5
ljcr-c-46-15-3,ljcr-covering-designs,48,5
ljcr-c-46-18-3,ljcr-covering-designs,31,5
ljcr-c-46-22-4,ljcr-covering-designs,38,5
ljcr-c-46-25-4,ljcr-covering-designs,28,5
ljcr-c-47-18-3,ljcr-covering-designs,34,5
ljcr-c-48-18-3,ljcr-covering-designs,35,5
ljcr-c-49-21-3,ljcr-covering-designs,24,5
ljcr-c-49-8-2,ljcr-covering-designs,49,5
ljcr-c-51-19-3,ljcr-covering-designs,35,5
ljcr-c-51-20-3,ljcr-covering-designs,31,5
ljcr-c-51-21-3,ljcr-covering-designs,27,5
ljcr-c-51-22-3,ljcr-covering-designs,24,5
ljcr-c-51-6-2,ljcr-covering-designs,90,5
ljcr-c-53-20-3,ljcr-covering-designs,35,5
ljcr-c-53-22-3,ljcr-covering-designs,27,5
ljcr-c-54-20-3,ljcr-covering-designs,35,5
ljcr-c-55-18-3,ljcr-covering-designs,48,5
ljcr-c-55-22-3,ljcr-covering-designs,30,5
ljcr-c-56-18-3,ljcr-covering-designs,49,5
ljcr-c-56-21-3,ljcr-covering-designs,35,5
ljcr-c-56-22-3,ljcr-covering-designs,31,5
ljcr-c-56-24-3,ljcr-covering-designs,24,5
ljcr-c-57-21-3,ljcr-covering-designs,35,5
ljcr-c-58-23-3,ljcr-covering-designs,31,5
ljcr-c-58-24-3,ljcr-covering-designs,27,5
ljcr-c-58-25-3,ljcr-covering-designs,24,5
ljcr-c-59-22-3,ljcr-covering-designs,35,5
ljcr-c-59-23-3,ljcr-covering-designs,31,5
ljcr-c-60-20-3,ljcr-covering-designs,44,5
ljcr-c-60-7-2,ljcr-covering-designs,91,5
ljcr-c-14-5-3,ljcr-covering-designs,43,6
ljcr-c-14-8-5,ljcr-covering-designs,55,6
ljcr-c-20-10-5,ljcr-covering-designs,96,6
ljcr-c-20-13-5,ljcr-covering-designs,30,6
ljcr-c-21-14-5,ljcr-covering-designs,27,6
ljcr-c-22-11-4,ljcr-covering-designs,38,6
ljcr-c-23-11-4,ljcr-covering-designs,42,6
ljcr-c-23-15-5,ljcr-covering-designs,29,6
ljcr-c-25-15-4,ljcr-covering-designs,21,6
ljcr-c-26-17-5,ljcr-covering-designs,26,6
ljcr-c-27-13-4,ljcr-covering-designs,42,6
ljcr-c-27-16-4,ljcr-covering-designs,22,6
ljcr-c-28-17-4,ljcr-covering-designs,21,6
ljcr-c-28-19-5,ljcr-covering-designs,23,6
ljcr-c-28-9-3,ljcr-covering-designs,56,6
ljcr-c-30-20-5,ljcr-covering-designs,26,6
ljcr-c-30-9-3,ljcr-covering-designs,66,6
ljcr-c-31-17-4,ljcr-covering-designs,28,6
ljcr-c-31-21-5,ljcr-covering-designs,23,6
ljcr-c-32-19-4,ljcr-covering-designs,22,6
ljcr-c-33-18-4,ljcr-covering-designs,28,6
ljcr-c-33-9-3,ljcr-covering-designs,80,6
ljcr-c-34-10-3,ljcr-covering-designs,68,6
ljcr-c-34-19-4,ljcr-covering-designs,27,6
ljcr-c-35-17-4,ljcr-covering-designs,38,6
ljcr-c-35-21-4,ljcr-covering-designs,21,6
ljcr-c-37-20-4,ljcr-covering-designs,29,6
ljcr-c-37-22-4,ljcr-covering-designs,22,6
ljcr-c-39-23-4,ljcr-covering-designs,22,6
ljcr-c-41-22-4,ljcr-covering-designs,29,6
ljcr-c-42-23-4,ljcr-covering-designs,28,6
ljcr-c-43-23-4,ljcr-covering-designs,29,6
ljcr-c-43-24-4,ljcr-covering-designs,27,6
ljcr-c-44-24-4,ljcr-covering-designs,28,6
ljcr-c-45-23-5,ljcr-covering-designs,65,6
ljcr-c-45-24-4,ljcr-covering-designs,29,6
ljcr-c-45-25-4,ljcr-covering-designs,27,6
ljcr-c-46-24-5,ljcr-covering-designs,62,6
ljcr-c-47-13-3,ljcr-covering-designs,79,6
ljcr-c-47-25-4,ljcr-covering-designs,29,6
ljcr-c-48-25-5,ljcr-covering-designs,62,6
ljcr-c-49-13-3,ljcr-covering-designs,82,6
ljcr-c-49-19-3,ljcr-covering-designs,32,6
ljcr-c-49-24-4,ljcr-covering-designs,37,6
ljcr-c-59-15-3,ljcr-covering-designs,89,6
ljcr-c-16-7-4,ljcr-covering-designs,76,7
ljcr-c-17-10-5,ljcr-covering-designs,48,7
ljcr-c-19-11-5,ljcr-covering-designs,49,7
ljcr-c-19-12-5,ljcr-covering-designs,36,7
ljcr-c-20-6-3,ljcr-covering-designs,71,7
ljcr-c-21-10-4,ljcr-covering-designs,49,7
ljcr-c-22-10-4,ljcr-covering-designs,54,7
ljcr-c-23-5-3,ljcr-covering-designs,187,7
ljcr-c-24-7-3,ljcr-covering-designs,76,7
ljcr-c-26-13-4,ljcr-covering-designs,37,7
ljcr-c-28-6-3,ljcr-covering-designs,185,7
ljcr-c-29-17-4,ljcr-covering-designs,23,7
ljcr-c-29-19-5,ljcr-covering-designs,29,7
ljcr-c-31-20-5,ljcr-covering-designs,31,7
ljcr-c-31-9-3,ljcr-covering-designs,73,7
ljcr-c-33-16-4,ljcr-covering-designs,39,7
ljcr-c-33-22-5,ljcr-covering-designs,27,7
ljcr-c-34-11-3,ljcr-covering-designs,51,7
ljcr-c-34-18-5,ljcr-covering-designs,60,7
ljcr-c-34-20-4,ljcr-covering-designs,23,7
ljcr-c-34-23-5,ljcr-covering-designs,24,7
ljcr-c-36-21-4,ljcr-covering-designs,23,7
ljcr-c-36-24-5,ljcr-covering-designs,24,7
ljcr-c-37-12-3,ljcr-covering-designs,51,7
ljcr-c-37-18-4,ljcr-covering-designs,39,7
ljcr-c-37-24-5,ljcr-covering-designs,31,7
ljcr-c-38-18-4,ljcr-covering-designs,41,7
ljcr-c-38-22-4,ljcr-covering-designs,23,7
ljcr-c-40-21-5,ljcr-covering-designs,63,7
ljcr-c-41-20-4,ljcr-covering-designs,39,7
ljcr-c-41-24-4,ljcr-covering-designs,23,7
ljcr-c-42-22-5,ljcr-covering-designs,63,7
ljcr-c-43-25-4,ljcr-covering-designs,23,7
ljcr-c-44-23-5,ljcr-covering-designs,63,7
ljcr-c-48-13-3,ljcr-covering-designs,81,7
ljcr-c-52-14-3,ljcr-covering-designs,82,7
ljcr-c-55-15-3,ljcr-covering-designs,81,7
ljcr-c-56-6-2,ljcr-covering-designs,110,7
ljcr-c-59-16-3,ljcr-covering-designs,81,7
ljcr-c-59-19-3,ljcr-covering-designs,51,7
ljcr-c-13-5-4,ljcr-covering-designs,157,8
ljcr-c-16-6-4,ljcr-covering-designs,152,8
ljcr-c-25-16-5,ljcr-covering-designs,32,8
ljcr-c-25-7-3,ljcr-covering-designs,83,8
ljcr-c-26-14-5,ljcr-covering-designs,60,8
ljcr-c-26-7-3,ljcr-covering-designs,94,8
ljcr-c-28-18-5,ljcr-covering-designs,32,8
ljcr-c-31-17-5,ljcr-covering-designs,58,8
ljcr-c-32-10-3,ljcr-covering-designs,60,8
ljcr-c-34-16-4,ljcr-covering-designs,45,8
ljcr-c-35-11-3,ljcr-covering-designs,56,8
ljcr-c-35-19-5,ljcr-covering-designs,58,8
ljcr-c-35-23-5,ljcr-covering-designs,28,8
ljcr-c-36-11-3,ljcr-covering-designs,64,8
ljcr-c-38-20-5,ljcr-covering-designs,62,8
ljcr-c-39-12-3,ljcr-covering-designs,57,8
ljcr-c-40-20-5,ljcr-covering-designs,72,8
ljcr-c-41-21-5,ljcr-covering-designs,67,8
ljcr-c-43-13-3,ljcr-covering-designs,61,8
ljcr-c-44-13-3,ljcr-covering-designs,66,8
ljcr-c-47-15-3,ljcr-covering-designs,52,8
ljcr-c-50-24-4,ljcr-covering-designs,41,8
ljcr-c-51-14-3,ljcr-covering-designs,81,8
ljcr-c-53-14-3,ljcr-covering-designs,84,8
ljcr-c-56-15-3,ljcr-covering-designs,83,8
ljcr-c-57-15-3,ljcr-covering-designs,84,8
ljcr-c-57-18-3,ljcr-covering-designs,53,8
ljcr-c-60-16-3,ljcr-covering-designs,83,8
ljcr-c-60-19-3,ljcr-covering-designs,53,8
ljcr-c-60-6-2,ljcr-covering-designs,128,8
ljcr-c-16-9-5,ljcr-covering-designs,61,9
ljcr-c-18-8-4,ljcr-covering-designs,66,9
ljcr-c-20-5-3,ljcr-covering-designs,133,9
ljcr-c-20-9-4,ljcr-covering-designs,63,9
ljcr-c-22-14-5,ljcr-covering-designs,33,9
ljcr-c-22-5-3,ljcr-covering-designs,172,9
ljcr-c-24-5-3,ljcr-covering-designs,231,9
ljcr-c-25-12-4,ljcr-covering-designs,47,9
ljcr-c-26-12-4,ljcr-covering-designs,51,9
ljcr-c-27-12-4,ljcr-covering-designs,63,9
ljcr-c-29-14-4,ljcr-covering-designs,43,9
ljcr-c-29-15-5,ljcr-covering-designs,67,9
ljcr-c-29-8-3,ljcr-covering-designs,86,9
ljcr-c-30-16-5,ljcr-covering-designs,62,9
ljcr-c-32-17-5,ljcr-covering-designs,62,9
ljcr-c-32-21-5,ljcr-covering-designs,29,9
ljcr-c-33-10-3,ljcr-covering-designs,66,9
ljcr-c-33-18-5,ljcr-covering-designs,59,9
ljcr-c-33-21-5,ljcr-covering-designs,33,9
ljcr-c-34-22-5,ljcr-covering-designs,30,9
ljcr-c-36-10-3,ljcr-covering-designs,81,9
ljcr-c-36-23-5,ljcr-covering-designs,33,9
ljcr-c-37-19-5,ljcr-covering-designs,68,9
ljcr-c-38-10-3,ljcr-covering-designs,89,9
ljcr-c-38-12-3,ljcr-covering-designs,54,9
ljcr-c-38-25-5,ljcr-covering-designs,29,9
ljcr-c-39-11-3,ljcr-covering-designs,77,9
ljcr-c-39-21-5,ljcr-covering-designs,60,9
ljcr-c-40-12-3,ljcr-covering-designs,66,9
ljcr-c-42-13-3,ljcr-covering-designs,58,9
ljcr-c-46-12-3,ljcr-covering-designs,90,9
ljcr-c-47-12-3,ljcr-covering-designs,92,9
ljcr-c-47-25-5,ljcr-covering-designs,60,9
ljcr-c-48-15-3,ljcr-covering-designs,54,9
ljcr-c-50-14-3,ljcr-covering-designs,77,9
ljcr-c-50-16-3,ljcr-covering-designs,53,9
ljcr-c-52-25-4,ljcr-covering-designs,42,9
ljcr-c-14-5-4,ljcr-covering-designs,229,10
ljcr-c-18-11-5,ljcr-covering-designs,42,10
ljcr-c-19-8-4,ljcr-covering-designs,84,10
ljcr-c-20-12-5,ljcr-covering-designs,42,10
ljcr-c-20-8-4,ljcr-covering-designs,93,10
ljcr-c-23-14-5,ljcr-covering-designs,42,10
ljcr-c-30-8-3,ljcr-covering-designs,93,10
ljcr-c-32-15-4,ljcr-covering-designs,49,10
ljcr-c-32-20-5,ljcr-covering-designs,34,10
ljcr-c-35-10-3,ljcr-covering-designs,77,10
ljcr-c-35-18-5,ljcr-covering-designs,69,10
ljcr-c-36-19-5,ljcr-covering-designs,64,10
ljcr-c-37-10-3,ljcr-covering-designs,84,10
ljcr-c-38-24-5,ljcr-covering-designs,34,10
ljcr-c-41-13-3,ljcr-covering-designs,55,10
ljcr-c-41-22-5,ljcr-covering-designs,61,10
ljcr-c-42-11-3,ljcr-covering-designs,91,10
ljcr-c-42-20-4,ljcr-covering-designs,44,10
ljcr-c-43-11-3,ljcr-covering-designs,93,10
ljcr-c-43-23-5,ljcr-covering-designs,61,10
ljcr-c-45-13-3,ljcr-covering-designs,73,10
ljcr-c-45-24-5,ljcr-covering-designs,61,10
ljcr-c-48-14-3,ljcr-covering-designs,72,10
ljcr-c-48-23-4,ljcr-covering-designs,43,10
ljcr-c-51-16-3,ljcr-covering-designs,55,10
ljcr-c-53-13-3,ljcr-covering-designs,104,10
ljcr-c-54-15-3,ljcr-covering-designs,79,10
ljcr-c-56-16-3,ljcr-covering-designs,73,10
ljcr-c-16-8-5,ljcr-covering-designs,115,11
ljcr-c-21-8-4,ljcr-covering-designs,124,11
ljcr-c-23-10-4,ljcr-covering-designs,74,11
ljcr-c-23-13-5,ljcr-covering-designs,54,11
ljcr-c-24-11-4,ljcr-covering-designs,57,11
ljcr-c-25-11-4,ljcr-covering-designs,66,11
ljcr-c-27-15-5,ljcr-covering-designs,56,11
ljcr-c-27-17-5,ljcr-covering-designs,35,11
ljcr-c-27-7-3,ljcr-covering-designs,104,11
ljcr-c-28-15-5,ljcr-covering-designs,62,11
ljcr-c-30-14-4,ljcr-covering-designs,48,11
ljcr-c-30-19-5,ljcr-covering-designs,35,11
ljcr-c-31-8-3,ljcr-covering-designs,104,11
ljcr-c-33-7-3,ljcr-covering-designs,191,11
ljcr-c-33-8-3,ljcr-covering-designs,127,11
ljcr-c-34-20-5,ljcr-covering-designs,45,11
ljcr-c-34-9-3,ljcr-covering-designs,95,11
ljcr-c-35-15-4,ljcr-covering-designs,70,11
ljcr-c-35-22-5,ljcr-covering-designs,35,11
ljcr-c-36-17-4,ljcr-covering-designs,47,11
ljcr-c-37-11-3,ljcr-covering-designs,69,11
ljcr-c-37-17-4,ljcr-covering-designs,51,11
ljcr-c-37-20-5,ljcr-covering-designs,61,11
ljcr-c-37-23-5,ljcr-covering-designs,36,11
ljcr-c-38-11-3,ljcr-covering-designs,74,11
ljcr-c-39-20-5,ljcr-covering-designs,70,11
ljcr-c-41-12-3,ljcr-covering-designs,73,11
ljcr-c-44-21-4,ljcr-covering-designs,45,11
ljcr-c-45-21-4,ljcr-covering-designs,48,11
ljcr-c-47-20-4,ljcr-covering-designs,70,11
ljcr-c-50-13-3,ljcr-covering-designs,92,11
ljcr-c-53-25-4,ljcr-covering-designs,45,11
ljcr-c-58-16-3,ljcr-covering-designs,80,11
ljcr-c-14-7-5,ljcr-covering-designs,138,12
ljcr-c-21-12-5,ljcr-covering-designs,54,12
ljcr-c-21-13-5,ljcr-covering-designs,37,12
ljcr-c-24-15-5,ljcr-covering-designs,36,12
ljcr-c-25-15-5,ljcr-covering-designs,44,12
ljcr-c-27-16-5,ljcr-covering-designs,46,12
ljcr-c-28-7-3,ljcr-covering-designs,120,12
ljcr-c-29-13-4,ljcr-covering-designs,59,12
ljcr-c-29-16-5,ljcr-covering-designs,58,12
ljcr-c-36-20-5,ljcr-covering-designs,54,12
ljcr-c-36-22-5,ljcr-covering-designs,38,12
ljcr-c-38-22-5,ljcr-covering-designs,49,12
ljcr-c-38-9-3,ljcr-covering-designs,131,12
ljcr-c-39-25-5,ljcr-covering-designs,33,12
ljcr-c-40-11-3,ljcr-covering-designs,85,12
ljcr-c-40-19-4,ljcr-covering-designs,46,12
ljcr-c-40-25-5,ljcr-covering-designs,36,12
ljcr-c-41-11-3,ljcr-covering-designs,87,12
ljcr-c-41-24-5,ljcr-covering-designs,47,12
ljcr-c-46-14-3,ljcr-covering-designs,62,12
ljcr-c-47-14-3,ljcr-covering-designs,66,12
ljcr-c-50-15-3,ljcr-covering-designs,66,12
ljcr-c-51-13-3,ljcr-covering-designs,95,12
ljcr-c-54-17-3,ljcr-covering-designs,57,12
ljcr-c-58-18-3,ljcr-covering-designs,58,12
ljcr-c-60-17-3,ljcr-covering-designs,76,12
ljcr-c-17-7-4,ljcr-covering-designs,98,13
ljcr-c-22-12-5,ljcr-covering-designs,63,13
ljcr-c-22-13-5,ljcr-covering-designs,47,13
ljcr-c-25-14-5,ljcr-covering-designs,56,13
ljcr-c-26-11-4,ljcr-covering-designs,80,13
ljcr-c-26-15-5,ljcr-covering-designs,52,13
ljcr-c-28-16-5,ljcr-covering-designs,52,13
ljcr-c-29-17-5,ljcr-covering-designs,48,13
ljcr-c-31-14-4,ljcr-covering-designs,60,13
ljcr-c-34-15-4,ljcr-covering-designs,63,13
ljcr-c-35-9-3,ljcr-covering-designs,103,13
ljcr-c-39-9-3,ljcr-covering-designs,139,13
ljcr-c-41-25-5,ljcr-covering-designs,39,13
ljcr-c-43-25-5,ljcr-covering-designs,48,13
ljcr-c-45-12-3,ljcr-covering-designs,88,13
ljcr-c-46-13-3,ljcr-covering-designs,77,13
ljcr-c-49-14-3,ljcr-covering-designs,76,13
ljcr-c-49-15-3,ljcr-covering-designs,62,13
ljcr-c-51-15-3,ljcr-covering-designs,68,13
ljcr-c-52-12-3,ljcr-covering-designs,130,13
ljcr-c-52-13-3,ljcr-covering-designs,101,13
ljcr-c-52-15-3,ljcr-covering-designs,76,13
ljcr-c-52-16-3,ljcr-covering-designs,59,13
ljcr-c-53-15-3,ljcr-covering-designs,77,13
ljcr-c-54-16-3,ljcr-covering-designs,67,13
ljcr-c-55-16-3,ljcr-covering-designs,72,13
ljcr-c-55-17-3,ljcr-covering-designs,59,13
ljcr-c-15-8-5,ljcr-covering-designs,89,14
ljcr-c-20-11-5,ljcr-covering-designs,64,14
ljcr-c-24-12-5,ljcr-covering-designs,86,14
ljcr-c-24-13-5,ljcr-covering-designs,64,14
ljcr-c-24-14-5,ljcr-covering-designs,49,14
ljcr-c-25-13-5,ljcr-covering-designs,72,14
ljcr-c-26-16-5,ljcr-covering-designs,39,14
ljcr-c-29-18-5,ljcr-covering-designs,39,14
ljcr-c-32-19-5,ljcr-covering-designs,46,14
ljcr-c-33-19-5,ljcr-covering-designs,51,14
ljcr-c-36-16-4,ljcr-covering-designs,62,14
ljcr-c-36-21-5,ljcr-covering-designs,49,14
ljcr-c-37-16-4,ljcr-covering-designs,70,14
ljcr-c-37-21-5,ljcr-covering-designs,53,14
ljcr-c-39-10-3,ljcr-covering-designs,104,14
ljcr-c-39-24-5,ljcr-covering-designs,39,14
ljcr-c-40-10-3,ljcr-covering-designs,110,14
ljcr-c-42-12-3,ljcr-covering-designs,77,14
ljcr-c-43-22-5,ljcr-covering-designs,73,14
ljcr-c-44-11-3,ljcr-covering-designs,110,14
ljcr-c-44-20-4,ljcr-covering-designs,54,14
ljcr-c-44-22-5,ljcr-covering-designs,78,14
ljcr-c-45-11-3,ljcr-covering-designs,117,14
ljcr-c-45-14-3,ljcr-covering-designs,59,14
ljcr-c-45-19-4,ljcr-covering-designs,74,14
ljcr-c-49-23-4,ljcr-covering-designs,49,14
ljcr-c-50-23-4,ljcr-covering-designs,54,14
ljcr-c-52-24-4,ljcr-covering-designs,51,14
ljcr-c-53-16-3,ljcr-covering-designs,64,14
ljcr-c-56-17-3,ljcr-covering-designs,64,14
ljcr-c-57-16-3,ljcr-covering-designs,79,14
ljcr-c-59-17-3,ljcr-covering-designs,73,14
ljcr-c-59-18-3,ljcr-covering-designs,61,14
ljcr-c-17-6-4,ljcr-covering-designs,188,15
ljcr-c-18-7-4,ljcr-covering-designs,126,15
ljcr-c-18-9-5,ljcr-covering-designs,113,15
ljcr-c-23-9-4,ljcr-covering-designs,107,15
ljcr-c-28-12-4,ljcr-covering-designs,74,15
ljcr-c-28-13-4,ljcr-covering-designs,54,15
ljcr-c-28-17-5,ljcr-covering-designs,42,15
ljcr-c-30-13-4,ljcr-covering-designs,73,15
ljcr-c-30-18-5,ljcr-covering-designs,42,15
ljcr-c-30-6-3,ljcr-covering-designs,225,15
ljcr-c-31-18-5,ljcr-covering-designs,52,15
ljcr-c-31-19-5,ljcr-covering-designs,40,15
ljcr-c-31-7-3,ljcr-covering-designs,153,15
ljcr-c-32-18-5,ljcr-covering-designs,55,15
ljcr-c-33-15-4,ljcr-covering-designs,57,15
ljcr-c-34-21-5,ljcr-covering-designs,40,15
ljcr-c-34-8-3,ljcr-covering-designs,139,15
ljcr-c-35-16-4,ljcr-covering-designs,57,15
ljcr-c-35-20-5,ljcr-covering-designs,52,15
ljcr-c-38-23-5,ljcr-covering-designs,42,15
ljcr-c-39-18-4,ljcr-covering-designs,54,15
ljcr-c-40-24-5,ljcr-covering-designs,42,15
ljcr-c-41-19-4,ljcr-covering-designs,52,15
ljcr-c-54-18-4,ljcr-covering-designs,141,15
ljcr-c-56-14-3,ljcr-covering-designs,103,15
ljcr-c-57-17-3,ljcr-covering-designs,66,15
ljcr-c-58-14-3,ljcr-covering-designs,115,15
ljcr-c-60-18-3,ljcr-covering-designs,65,15
ljcr-c-21-11-5,ljcr-covering-designs,78,16
ljcr-c-22-9-4,ljcr-covering-designs,95,16
ljcr-c-28-14-5,ljcr-covering-designs,88,16
ljcr-c-29-7-3,ljcr-covering-designs,132,16
ljcr-c-30-17-5,ljcr-covering-designs,55,16
ljcr-c-32-14-4,ljcr-covering-designs,67,16
ljcr-c-33-20-5,ljcr-covering-designs,43,16
ljcr-c-34-17-5,ljcr-covering-designs,80,16
ljcr-c-34-19-5,ljcr-covering-designs,56,16
ljcr-c-35-21-5,ljcr-covering-designs,43,16
ljcr-c-36-18-5,ljcr-covering-designs,80,16
ljcr-c-36-9-3,ljcr-covering-designs,112,16
ljcr-c-38-17-4,ljcr-covering-designs,63,16
ljcr-c-39-23-5,ljcr-covering-designs,44,16
ljcr-c-40-18-4,ljcr-covering-designs,59,16
ljcr-c-40-22-5,ljcr-covering-designs,58,16
ljcr-c-40-23-5,ljcr-covering-designs,53,16
ljcr-c-43-20-4,ljcr-covering-designs,53,16
ljcr-c-46-25-5,ljcr-covering-designs,59,16
ljcr-c-47-22-4,ljcr-covering-designs,51,16
ljcr-c-48-22-4,ljcr-covering-designs,56,16
ljcr-c-51-24-4,ljcr-covering-designs,50,16
ljcr-c-53-18-4,ljcr-covering-designs,137,16
ljcr-c-53-23-4,ljcr-covering-designs,67,16
ljcr-c-55-14-3,ljcr-covering-designs,99,16
ljcr-c-56-20-4,ljcr-covering-designs,120,16
ljcr-c-58-13-3,ljcr-covering-designs,146,16
ljcr-c-58-17-3,ljcr-covering-designs,71,16
ljcr-c-60-15-3,ljcr-covering-designs,104,16
ljcr-c-15-7-5,ljcr-covering-designs,189,17
ljcr-c-24-10-4,ljcr-covering-designs,87,17
ljcr-c-25-10-4,ljcr-covering-designs,97,17
ljcr-c-30-7-3,ljcr-covering-designs,142,17
ljcr-c-35-8-3,ljcr-covering-designs,149,17
ljcr-c-36-15-4,ljcr-covering-designs,77,17
ljcr-c-37-22-5,ljcr-covering-designs,44,17
ljcr-c-38-21-5,ljcr-covering-designs,59,17
ljcr-c-39-22-5,ljcr-covering-designs,56,17
ljcr-c-40-17-4,ljcr-covering-designs,76,17
ljcr-c-41-23-5,ljcr-covering-designs,57,17
ljcr-c-42-23-5,ljcr-covering-designs,59,17
ljcr-c-42-24-5,ljcr-covering-designs,54,17
ljcr-c-42-25-5,ljcr-covering-designs,44,17
ljcr-c-43-24-5,ljcr-covering-designs,57,17
ljcr-c-44-24-5,ljcr-covering-designs,60,17
ljcr-c-44-25-5,ljcr-covering-designs,54,17
ljcr-c-45-20-4,ljcr-covering-designs,65,17
ljcr-c-45-25-5,ljcr-covering-designs,57,17
ljcr-c-50-12-3,ljcr-covering-designs,122,17
ljcr-c-50-25-5,ljcr-covering-designs,79,17
ljcr-c-54-19-4,ljcr-covering-designs,128,17
ljcr-c-54-25-4,ljcr-covering-designs,54,17
ljcr-c-55-24-4,ljcr-covering-designs,68,17
ljcr-c-19-10-5,ljcr-covering-designs,83,18
ljcr-c-23-12-5,ljcr-covering-designs,80,18
ljcr-c-27-14-5,ljcr-covering-designs,76,18
ljcr-c-38-14-4,ljcr-covering-designs,113,18
ljcr-c-41-10-3,ljcr-covering-designs,121,18
ljcr-c-41-15-4,ljcr-covering-designs,122,18
ljcr-c-41-18-4,ljcr-covering-designs,69,18
ljcr-c-42-18-4,ljcr-covering-designs,70,18
ljcr-c-42-19-4,ljcr-covering-designs,60,18
ljcr-c-43-19-4,ljcr-covering-designs,66,18
ljcr-c-46-20-4,ljcr-covering-designs,69,18
ljcr-c-46-23-5,ljcr-covering-designs,82,18
ljcr-c-48-21-4,ljcr-covering-designs,69,18
ljcr-c-49-12-3,ljcr-covering-designs,116,18
ljcr-c-51-12-3,ljcr-covering-designs,129,18
ljcr-c-53-24-4,ljcr-covering-designs,60,18
ljcr-c-54-13-3,ljcr-covering-designs,122,18
ljcr-c-55-19-4,ljcr-covering-designs,131,18
ljcr-c-55-23-4,ljcr-covering-designs,78,18
ljcr-c-55-25-4,ljcr-covering-designs,58,18
ljcr-c-59-21-4,ljcr-covering-designs,125,18
ljcr-c-28-11-4,ljcr-covering-designs,103,19
ljcr-c-33-14-4,ljcr-covering-designs,78,19
ljcr-c-34-7-3,ljcr-covering-designs,209,19
ljcr-c-36-14-4,ljcr-covering-designs,104,19
ljcr-c-37-14-4,ljcr-covering-designs,109,19
ljcr-c-37-9-3,ljcr-covering-designs,122,19
ljcr-c-39-15-4,ljcr-covering-designs,105,19
ljcr-c-39-16-4,ljcr-covering-designs,88,19
ljcr-c-43-16-4,ljcr-covering-designs,114,19
ljcr-c-46-11-3,ljcr-covering-designs,128,19
ljcr-c-46-21-4,ljcr-covering-designs,59,19
ljcr-c-47-23-5,ljcr-covering-designs,87,19
ljcr-c-49-22-4,ljcr-covering-designs,62,19
ljcr-c-50-21-4,ljcr-covering-designs,79,19
ljcr-c-51-23-4,ljcr-covering-designs,59,19
ljcr-c-52-18-4,ljcr-covering-designs,135,19
ljcr-c-53-12-3,ljcr-covering-designs,148,19
ljcr-c-55-20-4,ljcr-covering-designs,118,19
ljcr-c-56-13-3,ljcr-covering-designs,136,19
ljcr-c-57-14-3,ljcr-covering-designs,109,19
ljcr-c-57-20-4,ljcr-covering-designs,131,19
ljcr-c-57-24-4,ljcr-covering-designs,79,19
ljcr-c-17-9-5,ljcr-covering-designs,79,20
ljcr-c-19-7-4,ljcr-covering-designs,151,20
ljcr-c-22-8-4,ljcr-covering-designs,152,20
ljcr-c-24-9-4,ljcr-covering-designs,122,20
ljcr-c-29-12-4,ljcr-covering-designs,88,20
ljcr-c-31-13-4,ljcr-covering-designs,80,20
ljcr-c-33-13-4,ljcr-covering-designs,102,20
ljcr-c-39-17-4,ljcr-covering-designs,71,20
ljcr-c-40-16-4,ljcr-covering-designs,93,20
ljcr-c-42-10-3,ljcr-covering-designs,130,20
ljcr-c-43-10-3,ljcr-covering-designs,141,20
ljcr-c-44-17-4,ljcr-covering-designs,106,20
ljcr-c-51-18-4,ljcr-covering-designs,131,20
ljcr-c-51-22-4,ljcr-covering-designs,71,20
ljcr-c-52-23-4,ljcr-covering-designs,64,20
ljcr-c-54-23-4,ljcr-covering-designs,72,20
ljcr-c-54-24-4,ljcr-covering-designs,63,20
ljcr-c-55-13-3,ljcr-covering-designs,130,20
ljcr-c-56-24-4,ljcr-covering-designs,72,20
ljcr-c-58-25-4,ljcr-covering-designs,72,20
ljcr-c-60-21-4,ljcr-covering-designs,132,20
ljcr-c-30-11-4,ljcr-covering-designs,133,21
ljcr-c-37-15-4,ljcr-covering-designs,93,21
ljcr-c-38-16-4,ljcr-covering-designs,81,21
ljcr-c-40-9-3,ljcr-covering-designs,159,21
ljcr-c-42-15-4,ljcr-covering-designs,131,21
ljcr-c-42-16-4,ljcr-covering-designs,108,21
ljcr-c-43-18-4,ljcr-covering-designs,81,21
ljcr-c-44-10-3,ljcr-covering-designs,149,21
ljcr-c-44-19-4,ljcr-covering-designs,72,21
ljcr-c-46-17-4,ljcr-covering-designs,116,21
ljcr-c-47-18-4,ljcr-covering-designs,108,21
ljcr-c-48-17-4,ljcr-covering-designs,132,21
ljcr-c-48-18-4,ljcr-covering-designs,112,21
ljcr-c-51-19-4,ljcr-covering-designs,113,21
ljcr-c-53-19-4,ljcr-covering-designs,127,21
ljcr-c-56-25-4,ljcr-covering-designs,64,21
ljcr-c-58-21-4,ljcr-covering-designs,121,21
ljcr-c-60-14-3,ljcr-covering-designs,133,21
ljcr-c-27-11-4,ljcr-covering-designs,94,22
ljcr-c-32-12-4,ljcr-covering-designs,121,22
ljcr-c-32-7-3,ljcr-covering-designs,165,22
ljcr-c-34-13-4,ljcr-covering-designs,109,22
ljcr-c-36-8-3,ljcr-covering-designs,162,22
ljcr-c-38-19-5,ljcr-covering-designs,86,22
ljcr-c-41-16-4,ljcr-covering-designs,104,22
ljcr-c-41-17-4,ljcr-covering-designs,83,22
ljcr-c-41-9-3,ljcr-covering-designs,168,22
ljcr-c-42-9-3,ljcr-covering-designs,176,22
ljcr-c-44-16-4,ljcr-covering-designs,127,22
ljcr-c-47-21-4,ljcr-covering-designs,65,22
ljcr-c-50-19-4,ljcr-covering-designs,109,22
ljcr-c-50-22-4,ljcr-covering-designs,66,22
ljcr-c-54-20-4,ljcr-covering-designs,114,22
ljcr-c-56-19-4,ljcr-covering-designs,149,22
ljcr-c-57-21-4,ljcr-covering-designs,115,22
ljcr-c-59-14-3,ljcr-covering-designs,128,22
ljcr-c-59-22-4,ljcr-covering-designs,114,22
ljcr-c-29-6-3,ljcr-covering-designs,217,23
ljcr-c-30-12-4,ljcr-covering-designs,96,23
ljcr-c-40-15-4,ljcr-covering-designs,114,23
ljcr-c-42-17-4,ljcr-covering-designs,95,23
ljcr-c-42-21-5,ljcr-covering-designs,87,23
ljcr-c-45-10-3,ljcr-covering-designs,158,23
ljcr-c-45-16-4,ljcr-covering-designs,133,23
ljcr-c-45-17-4,ljcr-covering-designs,111,23
ljcr-c-48-11-3,ljcr-covering-designs,150,23
ljcr-c-49-17-4,ljcr-covering-designs,139,23
ljcr-c-49-21-4,ljcr-covering-designs,75,23
ljcr-c-52-19-4,ljcr-covering-designs,119,23
ljcr-c-53-20-4,ljcr-covering-designs,111,23
ljcr-c-57-13-3,ljcr-covering-designs,142,23
ljcr-c-58-20-4,ljcr-covering-designs,137,23
ljcr-c-59-20-4,ljcr-covering-designs,144,23
ljcr-c-60-22-4,ljcr-covering-designs,116,23
ljcr-c-15-6-4,ljcr-covering-designs,117,24
ljcr-c-22-11-5,ljcr-covering-designs,108,24
ljcr-c-31-12-4,ljcr-covering-designs,110,24
ljcr-c-32-13-4,ljcr-covering-designs,96,24
ljcr-c-35-13-4,ljcr-covering-designs,124,24
ljcr-c-35-17-5,ljcr-covering-designs,101,24
ljcr-c-50-10-3,ljcr-covering-designs,204,24
ljcr-c-52-22-4,ljcr-covering-designs,76,24
ljcr-c-53-22-4,ljcr-covering-designs,85,24
ljcr-c-60-25-4,ljcr-covering-designs,84,24
ljcr-c-26-13-5,ljcr-covering-designs,101,25
ljcr-c-29-11-4,ljcr-covering-designs,115,25
ljcr-c-35-14-4,ljcr-covering-designs,98,25
ljcr-c-45-18-4,ljcr-covering-designs,98,25
ljcr-c-46-19-4,ljcr-covering-designs,86,25
ljcr-c-56-21-4,ljcr-covering-designs,113,25
ljcr-c-57-25-4,ljcr-covering-designs,69,25
ljcr-c-59-25-4,ljcr-covering-designs,78,25
ljcr-c-27-10-4,ljcr-covering-designs,129,26
ljcr-c-30-15-5,ljcr-covering-designs,94,26
ljcr-c-34-14-4,ljcr-covering-designs,90,26
ljcr-c-38-15-4,ljcr-covering-designs,102,26
ljcr-c-47-17-4,ljcr-covering-designs,126,26
ljcr-c-48-20-4,ljcr-covering-designs,86,26
ljcr-c-49-10-3,ljcr-covering-designs,198,26
ljcr-c-49-11-3,ljcr-covering-designs,156,26
ljcr-c-50-11-3,ljcr-covering-designs,163,26
ljcr-c-54-11-3,ljcr-covering-designs,198,26
ljcr-c-55-11-3,ljcr-covering-designs,206,26
ljcr-c-55-22-4,ljcr-covering-designs,99,26
ljcr-c-60-13-3,ljcr-covering-designs,165,26
ljcr-c-47-11-3,ljcr-covering-designs,139,27
ljcr-c-49-18-4,ljcr-covering-designs,123,27
ljcr-c-50-18-4,ljcr-covering-designs,127,27
ljcr-c-58-24-4,ljcr-covering-designs,88,27
ljcr-c-19-9-5,ljcr-covering-designs,149,28
ljcr-c-22-10-5,ljcr-covering-designs,174,28
ljcr-c-26-10-4,ljcr-covering-designs,117,28
ljcr-c-39-19-5,ljcr-covering-designs,98,28
ljcr-c-43-17-4,ljcr-covering-designs,102,28
ljcr-c-44-18-4,ljcr-covering-designs,92,28
ljcr-c-46-18-4,ljcr-covering-designs,105,28
ljcr-c-48-10-3,ljcr-covering-designs,192,28
ljcr-c-49-19-4,ljcr-covering-designs,106,28
ljcr-c-51-21-4,ljcr-covering-designs,89,28
ljcr-c-51-25-5,ljcr-covering-designs,96,28
ljcr-c-54-12-3,ljcr-covering-designs,159,28
ljcr-c-55-12-3,ljcr-covering-designs,166,28
ljcr-c-58-12-3,ljcr-covering-designs,193,28
ljcr-c-58-23-4,ljcr-covering-designs,102,28
ljcr-c-59-24-4,ljcr-covering-designs,92,28
ljcr-c-60-24-4,ljcr-covering-designs,93,28
ljcr-c-33-12-4,ljcr-covering-designs,134,29
ljcr-c-36-13-4,ljcr-covering-designs,135,29
ljcr-c-37-8-3,ljcr-covering-designs,177,29
ljcr-c-43-15-4,ljcr-covering-designs,150,29
ljcr-c-47-10-3,ljcr-covering-designs,185,29
ljcr-c-48-19-4,ljcr-covering-designs,103,29
ljcr-c-50-17-4,ljcr-covering-designs,150,29
ljcr-c-53-11-3,ljcr-covering-designs,193,29
ljcr-c-54-21-4,ljcr-covering-designs,107,29
ljcr-c-56-22-4,ljcr-covering-designs,103,29
ljcr-c-59-13-3,ljcr-covering-designs,161,29
ljcr-c-17-8-5,ljcr-covering-designs,177,30
ljcr-c-33-16-5,ljcr-covering-designs,111,30
ljcr-c-39-14-4,ljcr-covering-designs,136,30
ljcr-c-43-9-3,ljcr-covering-designs,193,30
ljcr-c-49-20-4,ljcr-covering-designs,94,30
ljcr-c-52-20-4,ljcr-covering-designs,108,30
ljcr-c-53-21-4,ljcr-covering-designs,104,30
ljcr-c-54-22-4,ljcr-covering-designs,94,30
ljcr-c-59-12-3,ljcr-covering-designs,198,30
ljcr-c-60-12-3,ljcr-covering-designs,205,30
ljcr-c-18-6-4,ljcr-covering-designs,236,31
ljcr-c-21-10-5,ljcr-covering-designs,145,31
ljcr-c-37-18-5,ljcr-covering-designs,105,31
ljcr-c-46-10-3,ljcr-covering-designs,179,31
ljcr-c-46-22-5,ljcr-covering-designs,109,31
ljcr-c-51-20-4,ljcr-covering-designs,105,31
ljcr-c-52-11-3,ljcr-covering-designs,187,31
ljcr-c-55-21-4,ljcr-covering-designs,110,31
ljcr-c-57-22-4,ljcr-covering-designs,109,31
ljcr-c-23-11-5,ljcr-covering-designs,131,32
ljcr-c-26-9-4,ljcr-covering-designs,188,32
ljcr-c-39-8-3,ljcr-covering-designs,218,32
ljcr-c-44-15-4,ljcr-covering-designs,159,32
ljcr-c-45-9-3,ljcr-covering-designs,227,32
ljcr-c-46-16-4,ljcr-covering-designs,147,32
ljcr-c-50-20-4,ljcr-covering-designs,97,32
ljcr-c-56-23-4,ljcr-covering-designs,93,32
ljcr-c-58-22-4,ljcr-covering-designs,112,32
ljcr-c-60-23-4,ljcr-covering-designs,111,32
ljcr-c-34-12-4,ljcr-covering-designs,152,33
ljcr-c-35-7-3,ljcr-covering-designs,233,33
ljcr-c-47-19-4,ljcr-covering-designs,98,33
ljcr-c-57-23-4,ljcr-covering-designs,98,33
ljcr-c-59-23-4,ljcr-covering-designs,108,33
ljcr-c-60-20-4,ljcr-covering-designs,165,33
ljcr-c-20-7-4,ljcr-covering-designs,198,34
ljcr-c-31-11-4,ljcr-covering-designs,153,34
ljcr-c-37-13-4,ljcr-covering-designs,145,34
ljcr-c-38-8-3,ljcr-covering-designs,191,34
ljcr-c-45-15-4,ljcr-covering-designs,166,34
ljcr-c-49-24-5,ljcr-covering-designs,102,34
ljcr-c-51-10-3,ljcr-covering-designs,233,34
ljcr-c-52-21-4,ljcr-covering-designs,99,34
ljcr-c-57-19-4,ljcr-covering-designs,166,34
ljcr-c-51-11-3,ljcr-covering-designs,175,35
ljcr-c-56-12-3,ljcr-covering-designs,175,35
ljcr-c-31-15-5,ljcr-covering-designs,113,36
ljcr-c-36-12-4,ljcr-covering-designs,180,36
ljcr-c-40-8-3,ljcr-covering-designs,231,36
ljcr-c-43-21-5,ljcr-covering-designs,106,36
ljcr-c-23-8-4,ljcr-covering-designs,193,37
ljcr-c-24-8-4,ljcr-covering-designs,226,37
ljcr-c-25-12-5,ljcr-covering-designs,133,37
ljcr-c-25-9-4,ljcr-covering-designs,162,37
ljcr-c-27-13-5,ljcr-covering-designs,125,37
ljcr-c-38-18-5,ljcr-covering-designs,122,37
ljcr-c-41-20-5,ljcr-covering-designs,107,37
ljcr-c-45-22-5,ljcr-covering-designs,107,37
ljcr-c-56-11-3,ljcr-covering-designs,221,37
ljcr-c-57-11-3,ljcr-covering-designs,245,37
ljcr-c-57-12-3,ljcr-covering-designs,185,37
ljcr-c-27-9-4,ljcr-covering-designs,215,38
ljcr-c-40-14-4,ljcr-covering-designs,150,38
ljcr-c-44-9-3,ljcr-covering-designs,210,38
ljcr-c-32-11-4,ljcr-covering-designs,176,39
ljcr-c-34-16-5,ljcr-covering-designs,129,39
ljcr-c-47-16-4,ljcr-covering-designs,166,39
ljcr-c-35-12-4,ljcr-covering-designs,169,40
ljcr-c-58-19-4,ljcr-covering-designs,178,40
ljcr-c-18-8-5,ljcr-covering-designs,233,41
ljcr-c-29-10-4,ljcr-covering-designs,186,41
ljcr-c-29-14-5,ljcr-covering-designs,122,41
ljcr-c-46-9-3,ljcr-covering-designs,246,41
ljcr-c-41-14-4,ljcr-covering-designs,160,42
ljcr-c-21-7-4,ljcr-covering-designs,235,43
ljcr-c-28-10-4,ljcr-covering-designs,154,44
ljcr-c-30-10-4,ljcr-covering-designs,209,44
ljcr-c-50-24-5,ljcr-covering-designs,117,44
ljcr-c-39-18-5,ljcr-covering-designs,147,45
ljcr-c-51-24-5,ljcr-covering-designs,130,45
ljcr-c-20-9-5,ljcr-covering-designs,211,46
ljcr-c-40-19-5,ljcr-covering-designs,129,46
ljcr-c-48-23-5,ljcr-covering-designs,120,46
ljcr-c-38-13-4,ljcr-covering-designs,176,47
ljcr-c-53-25-5,ljcr-covering-designs,126,47
ljcr-c-35-16-5,ljcr-covering-designs,158,48
ljcr-c-49-23-5,ljcr-covering-designs,134,48
ljcr-c-51-17-4,ljcr-covering-designs,180,48
ljcr-c-36-16-5,ljcr-covering-designs,182,49
ljcr-c-36-17-5,ljcr-covering-designs,138,49
ljcr-c-52-25-5,ljcr-covering-designs,120,49
ljcr-c-30-14-5,ljcr-covering-designs,152,51
ljcr-c-42-20-5,ljcr-covering-designs,129,51
ljcr-c-48-16-4,ljcr-covering-designs,183,51
ljcr-c-28-13-5,ljcr-covering-designs,169,52
ljcr-c-32-15-5,ljcr-covering-designs,153,52
ljcr-c-44-21-5,ljcr-covering-designs,130,52
ljcr-c-26-12-5,ljcr-covering-designs,173,53
ljcr-c-24-11-5,ljcr-covering-designs,192,54
ljcr-c-43-20-5,ljcr-covering-designs,147,56
ljcr-c-44-20-5,ljcr-covering-designs,162,56
ljcr-c-27-12-5,ljcr-covering-designs,208,57
ljcr-c-38-17-5,ljcr-covering-designs,183,57
ljcr-c-23-10-5,ljcr-covering-designs,240,58
ljcr-c-42-14-4,ljcr-covering-designs,193,58
ljcr-c-55-18-4,ljcr-covering-designs,196,58
ljcr-c-37-17-5,ljcr-covering-designs,164,59
ljcr-c-54-24-5,ljcr-covering-designs,174,59
ljcr-c-31-14-5,ljcr-covering-designs,189,60
ljcr-c-33-11-4,ljcr-covering-designs,216,60
ljcr-c-39-13-4,ljcr-covering-designs,195,60
ljcr-c-52-24-5,ljcr-covering-designs,147,60
ljcr-c-57-18-4,ljcr-covering-designs,220,61
ljcr-c-58-18-4,ljcr-covering-designs,226,61
ljcr-c-45-21-5,ljcr-covering-designs,148,62
ljcr-c-47-22-5,ljcr-covering-designs,148,62
ljcr-c-49-16-4,ljcr-covering-designs,200,62
ljcr-c-50-23-5,ljcr-covering-designs,156,62
ljcr-c-42-19-5,ljcr-covering-designs,176,63
ljcr-c-46-21-5,ljcr-covering-designs,170,64
ljcr-c-56-18-4,ljcr-covering-designs,208,64
ljcr-c-37-12-4,ljcr-covering-designs,238,65
ljcr-c-54-25-5,ljcr-covering-designs,156,65
ljcr-c-25-11-5,ljcr-covering-designs,226,66
ljcr-c-41-19-5,ljcr-covering-designs,159,66
ljcr-c-33-15-5,ljcr-covering-designs,180,67
ljcr-c-43-14-4,ljcr-covering-designs,218,67
ljcr-c-52-17-4,ljcr-covering-designs,205,67
ljcr-c-37-16-5,ljcr-covering-designs,207,68
ljcr-c-40-13-4,ljcr-covering-designs,219,68
ljcr-c-40-18-5,ljcr-covering-designs,182,68
ljcr-c-53-24-5,ljcr-covering-designs,166,68
ljcr-c-48-21-5,ljcr-covering-designs,204,69
ljcr-c-49-22-5,ljcr-covering-designs,183,69
ljcr-c-56-25-5,ljcr-covering-designs,184,69
ljcr-c-59-19-4,ljcr-covering-designs,212,69
ljcr-c-45-20-5,ljcr-covering-designs,185,70
ljcr-c-34-11-4,ljcr-covering-designs,249,72
ljcr-c-47-21-5,ljcr-covering-designs,187,72
ljcr-c-46-15-4,ljcr-covering-designs,211,73
ljcr-c-41-18-5,ljcr-covering-designs,209,74
ljcr-c-55-25-5,ljcr-covering-designs,169,74
ljcr-c-48-22-5,ljcr-covering-designs,169,75
ljcr-c-51-23-5,ljcr-covering-designs,173,75
ljcr-c-55-24-5,ljcr-covering-designs,195,75
ljcr-c-53-17-4,ljcr-covering-designs,220,76
ljcr-c-39-17-5,ljcr-covering-designs,215,77
ljcr-c-52-23-5,ljcr-covering-designs,193,77
ljcr-c-47-15-4,ljcr-covering-designs,235,78
ljcr-c-44-14-4,ljcr-covering-designs,246,79
ljcr-c-60-19-4,ljcr-covering-designs,228,79
ljcr-c-40-17-5,ljcr-covering-designs,243,80
ljcr-c-43-19-5,ljcr-covering-designs,198,80
ljcr-c-34-15-5,ljcr-covering-designs,215,81
ljcr-c-50-16-4,ljcr-covering-designs,236,82
ljcr-c-54-17-4,ljcr-covering-designs,241,82
ljcr-c-57-25-5,ljcr-covering-designs,201,82
ljcr-c-29-13-5,ljcr-covering-designs,215,83
ljcr-c-46-20-5,ljcr-covering-designs,221,83
ljcr-c-50-22-5,ljcr-covering-designs,204,85
ljcr-c-51-22-5,ljcr-covering-designs,225,85
ljcr-c-58-25-5,ljcr-covering-designs,225,85
ljcr-c-42-18-5,ljcr-covering-designs,231,88
ljcr-c-35-15-5,ljcr-covering-designs,240,90
ljcr-c-30-13-5,ljcr-covering-designs,250,93
ljcr-c-53-23-5,ljcr-covering-designs,213,93
ljcr-c-32-14-5,ljcr-covering-designs,232,94
ljcr-c-44-19-5,ljcr-covering-designs,233,94
ljcr-c-56-24-5,ljcr-covering-designs,240,100
